fold	word	gold	pred	left_ctx	right_ctx	sentence
1	蔚蟺伪谓蟿蟻蔚蠉蟿畏魏伪	VERB	DET	<BOS>	蠂蠅蟻委蟼	蔚蟺伪谓蟿蟻蔚蠉蟿畏魏伪 蠂蠅蟻委蟼 蟿蔚蟼 魏蠈蟻蔚蟼 渭慰蠀
1	蠂蠅蟻委蟼	ADP	NOUN	蔚蟺伪谓蟿蟻蔚蠉蟿畏魏伪	蟿蔚蟼	蔚蟺伪谓蟿蟻蔚蠉蟿畏魏伪 蠂蠅蟻委蟼 蟿蔚蟼 魏蠈蟻蔚蟼 渭慰蠀
1	蟿蔚蟼	DET	PRON	蠂蠅蟻委蟼	魏蠈蟻蔚蟼	蔚蟺伪谓蟿蟻蔚蠉蟿畏魏伪 蠂蠅蟻委蟼 蟿蔚蟼 魏蠈蟻蔚蟼 渭慰蠀
1	蠀蟺慰蟿委胃蔚蟿伪喂	VERB	PART	<BOS>	蔚谓	蠀蟺慰蟿委胃蔚蟿伪喂 蔚谓 蔚渭蟺喂蟽蟿蔚蠉魏蔚蟽伪喂 伪纬谓蠋蟽蟿慰蠀蟼 渭蔚蟿维 蟺慰蠀 蟿慰 魏伪魏蠈谓 蟺慰蠀 苇蟺伪胃蔚蟼 蟺苇蟻蟽喂 蟽蟿慰 蠂蠅蟻魏蠈谓 蟿慰蠀 伪蟻蠁慰蠉 蟽慰蠀
1	蔚谓	PART	VERB	蠀蟺慰蟿委胃蔚蟿伪喂	蔚渭蟺喂蟽蟿蔚蠉魏蔚蟽伪喂	蠀蟺慰蟿委胃蔚蟿伪喂 蔚谓 蔚渭蟺喂蟽蟿蔚蠉魏蔚蟽伪喂 伪纬谓蠋蟽蟿慰蠀蟼 渭蔚蟿维 蟺慰蠀 蟿慰 魏伪魏蠈谓 蟺慰蠀 苇蟺伪胃蔚蟼 蟺苇蟻蟽喂 蟽蟿慰 蠂蠅蟻魏蠈谓 蟿慰蠀 伪蟻蠁慰蠉 蟽慰蠀
1	蔚渭蟺喂蟽蟿蔚蠉魏蔚蟽伪喂	VERB	SCONJ	蔚谓	伪纬谓蠋蟽蟿慰蠀蟼	蠀蟺慰蟿委胃蔚蟿伪喂 蔚谓 蔚渭蟺喂蟽蟿蔚蠉魏蔚蟽伪喂 伪纬谓蠋蟽蟿慰蠀蟼 渭蔚蟿维 蟺慰蠀 蟿慰 魏伪魏蠈谓 蟺慰蠀 苇蟺伪胃蔚蟼 蟺苇蟻蟽喂 蟽蟿慰 蠂蠅蟻魏蠈谓 蟿慰蠀 伪蟻蠁慰蠉 蟽慰蠀
1	伪纬谓蠋蟽蟿慰蠀蟼	NOUN	VERB	蔚渭蟺喂蟽蟿蔚蠉魏蔚蟽伪喂	渭蔚蟿维	蠀蟺慰蟿委胃蔚蟿伪喂 蔚谓 蔚渭蟺喂蟽蟿蔚蠉魏蔚蟽伪喂 伪纬谓蠋蟽蟿慰蠀蟼 渭蔚蟿维 蟺慰蠀 蟿慰 魏伪魏蠈谓 蟺慰蠀 苇蟺伪胃蔚蟼 蟺苇蟻蟽喂 蟽蟿慰 蠂蠅蟻魏蠈谓 蟿慰蠀 伪蟻蠁慰蠉 蟽慰蠀
1	蟺慰蠀	PRON	ADP	魏伪魏蠈谓	苇蟺伪胃蔚蟼	蠀蟺慰蟿委胃蔚蟿伪喂 蔚谓 蔚渭蟺喂蟽蟿蔚蠉魏蔚蟽伪喂 伪纬谓蠋蟽蟿慰蠀蟼 渭蔚蟿维 蟺慰蠀 蟿慰 魏伪魏蠈谓 蟺慰蠀 苇蟺伪胃蔚蟼 蟺苇蟻蟽喂 蟽蟿慰 蠂蠅蟻魏蠈谓 蟿慰蠀 伪蟻蠁慰蠉 蟽慰蠀
1	苇蟺伪胃蔚蟼	VERB	DET	蟺慰蠀	蟺苇蟻蟽喂	蠀蟺慰蟿委胃蔚蟿伪喂 蔚谓 蔚渭蟺喂蟽蟿蔚蠉魏蔚蟽伪喂 伪纬谓蠋蟽蟿慰蠀蟼 渭蔚蟿维 蟺慰蠀 蟿慰 魏伪魏蠈谓 蟺慰蠀 苇蟺伪胃蔚蟼 蟺苇蟻蟽喂 蟽蟿慰 蠂蠅蟻魏蠈谓 蟿慰蠀 伪蟻蠁慰蠉 蟽慰蠀
1	蟺苇蟻蟽喂	ADV	NOUN	苇蟺伪胃蔚蟼	蟽蟿慰	蠀蟺慰蟿委胃蔚蟿伪喂 蔚谓 蔚渭蟺喂蟽蟿蔚蠉魏蔚蟽伪喂 伪纬谓蠋蟽蟿慰蠀蟼 渭蔚蟿维 蟺慰蠀 蟿慰 魏伪魏蠈谓 蟺慰蠀 苇蟺伪胃蔚蟼 蟺苇蟻蟽喂 蟽蟿慰 蠂蠅蟻魏蠈谓 蟿慰蠀 伪蟻蠁慰蠉 蟽慰蠀
1	苇蠁蔚蟻蔚谓	VERB	PART	<BOS>	渭喂伪	苇蠁蔚蟻蔚谓 渭喂伪 未蔚魏维未伪 蟿慰渭维蟿蔚蟼 纬喂伪 蟿畏谓 蟽伪位维蟿伪 渭伪蟼
1	渭喂伪	DET	VERB	苇蠁蔚蟻蔚谓	未蔚魏维未伪	苇蠁蔚蟻蔚谓 渭喂伪 未蔚魏维未伪 蟿慰渭维蟿蔚蟼 纬喂伪 蟿畏谓 蟽伪位维蟿伪 渭伪蟼
1	未蔚魏维未伪	NOUN	DET	渭喂伪	蟿慰渭维蟿蔚蟼	苇蠁蔚蟻蔚谓 渭喂伪 未蔚魏维未伪 蟿慰渭维蟿蔚蟼 纬喂伪 蟿畏谓 蟽伪位维蟿伪 渭伪蟼
1	蟿畏谓	PRON	DET	纬喂伪	蟽伪位维蟿伪	苇蠁蔚蟻蔚谓 渭喂伪 未蔚魏维未伪 蟿慰渭维蟿蔚蟼 纬喂伪 蟿畏谓 蟽伪位维蟿伪 渭伪蟼
1	蟿畏蟼	PRON	DET	伪魏慰蠉蔚喂蟼	胃蔚委伪蟼	蟺蟻苇蟺蔚喂 谓伪 伪魏慰蠉蔚喂蟼 蟿畏蟼 胃蔚委伪蟼 蟽慰蠀
1	伪蠁慰蠉	SCONJ	ADJ	渭伪味委谓	蔚蟺蟻慰蟽蠁苇蟻胃畏魏蔚谓	蔚蟽蟺慰蠀未维蟽伪渭蔚谓 渭伪味委谓 伪蠁慰蠉 蔚蟺蟻慰蟽蠁苇蟻胃畏魏蔚谓 渭伪蟼 蠀蟺慰蟿蟻慰蠁委伪
1	蔚蟺蟻慰蟽蠁苇蟻胃畏魏蔚谓	VERB	NOUN	伪蠁慰蠉	渭伪蟼	蔚蟽蟺慰蠀未维蟽伪渭蔚谓 渭伪味委谓 伪蠁慰蠉 蔚蟺蟻慰蟽蠁苇蟻胃畏魏蔚谓 渭伪蟼 蠀蟺慰蟿蟻慰蠁委伪
1	谓谓伪喂	PART	VERB	<BOS>	<EOS>	谓谓伪喂
1	魏伪胃伪蟻委蟽慰蠀渭蔚谓	VERB	ADJ	蟿慰	蠉蟽蟿蔚蟻伪	蔚谓谓维 蟺蟻苇蟺蔚喂 谓伪 蟿慰 魏伪胃伪蟻委蟽慰蠀渭蔚谓 蠉蟽蟿蔚蟻伪 蟿味虇伪喂 蔚纬蠋 尾伪蟻魏慰蠉渭伪喂
1	蠉蟽蟿蔚蟻伪	ADV	NOUN	魏伪胃伪蟻委蟽慰蠀渭蔚谓	蟿味虇伪喂	蔚谓谓维 蟺蟻苇蟺蔚喂 谓伪 蟿慰 魏伪胃伪蟻委蟽慰蠀渭蔚谓 蠉蟽蟿蔚蟻伪 蟿味虇伪喂 蔚纬蠋 尾伪蟻魏慰蠉渭伪喂
1	尾伪蟻魏慰蠉渭伪喂	VERB	NOUN	蔚纬蠋	<EOS>	蔚谓谓维 蟺蟻苇蟺蔚喂 谓伪 蟿慰 魏伪胃伪蟻委蟽慰蠀渭蔚谓 蠉蟽蟿蔚蟻伪 蟿味虇伪喂 蔚纬蠋 尾伪蟻魏慰蠉渭伪喂
1	魏维胃慰谓蟿伪喂	VERB	PRON	蟺伪蟺维蟼	蟿味虇伪喂	畏 渭维渭渭伪 蟿味虇伪喂 慰 蟺伪蟺维蟼 魏维胃慰谓蟿伪喂 蟿味虇伪喂 未喂伪尾维味慰蠀谓 蟺伪蟻伪渭蠉胃喂谓
1	未喂伪尾维味慰蠀谓	VERB	DET	蟿味虇伪喂	蟺伪蟻伪渭蠉胃喂谓	畏 渭维渭渭伪 蟿味虇伪喂 慰 蟺伪蟺维蟼 魏维胃慰谓蟿伪喂 蟿味虇伪喂 未喂伪尾维味慰蠀谓 蟺伪蟻伪渭蠉胃喂谓
1	蔚蟺萎蔚谓	VERB	PRON	渭维渭渭伪	渭蔚	苇蠁蠀蔚谓 畏 渭维渭渭伪 蔚蟺萎蔚谓 渭蔚 蟿慰 伪蠀蟿慰魏委谓畏蟿慰谓
1	渭蔚	SCONJ	ADP	蔚蟺萎蔚谓	蟿慰	苇蠁蠀蔚谓 畏 渭维渭渭伪 蔚蟺萎蔚谓 渭蔚 蟿慰 伪蠀蟿慰魏委谓畏蟿慰谓
1	蟽伪蟺慰蠉谓喂谓	NOUN	VERB	蟿味虇伪喂	<EOS>	谓委蠁魏蔚蟿伪喂 渭蔚 谓蔚蟻蠈谓 蟿味虇伪喂 蟽伪蟺慰蠉谓喂谓
1	蔚纬苇渭喂蟽蔚	VERB	NOUN	蟿慰蠀	位维蟽蟺蔚蟼	蟿慰 蟺伪谓蟿蔚位蠈谓喂谓 蟿慰蠀 蔚纬苇渭喂蟽蔚 位维蟽蟺蔚蟼
1	位维蟽蟺蔚蟼	NOUN	CONJ	蔚纬苇渭喂蟽蔚	<EOS>	蟿慰 蟺伪谓蟿蔚位蠈谓喂谓 蟿慰蠀 蔚纬苇渭喂蟽蔚 位维蟽蟺蔚蟼
1	蟿蟻蠋蔚喂	VERB	PRON	渭苇蟻伪	纬位蠀魏维	慰 纬蠀渭谓伪蟽蟿萎蟼 魏维胃蔚 渭苇蟻伪 蟿蟻蠋蔚喂 纬位蠀魏维 伪位位维 蔚谓 尾维位位蔚喂 魏喂位维 未喂蠈蟿喂 蟺维蔚喂 蟽蟿慰 纬蠀渭谓伪蟽蟿萎蟻喂慰
1	蔚谓	PART	VERB	伪位位维	尾维位位蔚喂	慰 纬蠀渭谓伪蟽蟿萎蟼 魏维胃蔚 渭苇蟻伪 蟿蟻蠋蔚喂 纬位蠀魏维 伪位位维 蔚谓 尾维位位蔚喂 魏喂位维 未喂蠈蟿喂 蟺维蔚喂 蟽蟿慰 纬蠀渭谓伪蟽蟿萎蟻喂慰
1	尾维位位蔚喂	VERB	DET	蔚谓	魏喂位维	慰 纬蠀渭谓伪蟽蟿萎蟼 魏维胃蔚 渭苇蟻伪 蟿蟻蠋蔚喂 纬位蠀魏维 伪位位维 蔚谓 尾维位位蔚喂 魏喂位维 未喂蠈蟿喂 蟺维蔚喂 蟽蟿慰 纬蠀渭谓伪蟽蟿萎蟻喂慰
1	纬蠀渭谓伪蟽蟿萎蟻喂慰	NOUN	PRON	蟽蟿慰	<EOS>	慰 纬蠀渭谓伪蟽蟿萎蟼 魏维胃蔚 渭苇蟻伪 蟿蟻蠋蔚喂 纬位蠀魏维 伪位位维 蔚谓 尾维位位蔚喂 魏喂位维 未喂蠈蟿喂 蟺维蔚喂 蟽蟿慰 纬蠀渭谓伪蟽蟿萎蟻喂慰
1	蠂蠈蟻蟿伪	NOUN	ADV	蟿蟻蠋蔚喂	蟺慰蠀	慰 位伪纬蠈蟼 蟿蟻蠋蔚喂 蠂蠈蟻蟿伪 蟺慰蠀 蟿畏谓  伪蠀位萎 渭伪蟼 蟽蟿慰 尾慰蠀谓蠈
1	尾慰蠀谓蠈	NOUN	PRON	蟽蟿慰	<EOS>	慰 位伪纬蠈蟼 蟿蟻蠋蔚喂 蠂蠈蟻蟿伪 蟺慰蠀 蟿畏谓  伪蠀位萎 渭伪蟼 蟽蟿慰 尾慰蠀谓蠈
1	蟺慰蠀	PRON	ADP	蟺慰蠀位委	萎蟿伪谓	蟿慰 蟺慰蠀位委 蟺慰蠀 萎蟿伪谓 蟿畏谓  维位位畏 蠁慰蟻维 蟽蟿慰 蟽蟺委蟿喂 渭慰蠀 蔚蟽蟿伪渭维蟿畏蟽蔚谓 谓伪 苇蟻魏蔚蟿伪喂 蔚蟺蔚喂未萎 蔚谓 尾蟻委蟽魏蔚喂 蟺位苇慰谓 谓蔚蟻蠈谓
1	蟿畏谓 	DET	ADP	萎蟿伪谓	维位位畏	蟿慰 蟺慰蠀位委 蟺慰蠀 萎蟿伪谓 蟿畏谓  维位位畏 蠁慰蟻维 蟽蟿慰 蟽蟺委蟿喂 渭慰蠀 蔚蟽蟿伪渭维蟿畏蟽蔚谓 谓伪 苇蟻魏蔚蟿伪喂 蔚蟺蔚喂未萎 蔚谓 尾蟻委蟽魏蔚喂 蟺位苇慰谓 谓蔚蟻蠈谓
1	蔚蟽蟿伪渭维蟿畏蟽蔚谓	VERB	NOUN	渭慰蠀	谓伪	蟿慰 蟺慰蠀位委 蟺慰蠀 萎蟿伪谓 蟿畏谓  维位位畏 蠁慰蟻维 蟽蟿慰 蟽蟺委蟿喂 渭慰蠀 蔚蟽蟿伪渭维蟿畏蟽蔚谓 谓伪 苇蟻魏蔚蟿伪喂 蔚蟺蔚喂未萎 蔚谓 尾蟻委蟽魏蔚喂 蟺位苇慰谓 谓蔚蟻蠈谓
1	蟺位苇慰谓	ADV	DET	尾蟻委蟽魏蔚喂	谓蔚蟻蠈谓	蟿慰 蟺慰蠀位委 蟺慰蠀 萎蟿伪谓 蟿畏谓  维位位畏 蠁慰蟻维 蟽蟿慰 蟽蟺委蟿喂 渭慰蠀 蔚蟽蟿伪渭维蟿畏蟽蔚谓 谓伪 苇蟻魏蔚蟿伪喂 蔚蟺蔚喂未萎 蔚谓 尾蟻委蟽魏蔚喂 蟺位苇慰谓 谓蔚蟻蠈谓
2	苇谓蟿蔚魏伪	ADJ	DET	蔚委蠂伪谓	纬喂位苇魏魏伪	蔚委蠂伪谓 苇谓蟿蔚魏伪 纬喂位苇魏魏伪 蟺慰蠀 萎蟿伪谓 蟺慰蠀 蟿畏谓 螝蠉蟺蟻慰谓 蟿味虇伪喂 蔚蟺蔚蟿维尉伪谓 蟿伪
2	蟿畏谓	DET	PRON	蟺慰蠀	螝蠉蟺蟻慰谓	蔚委蠂伪谓 苇谓蟿蔚魏伪 纬喂位苇魏魏伪 蟺慰蠀 萎蟿伪谓 蟺慰蠀 蟿畏谓 螝蠉蟺蟻慰谓 蟿味虇伪喂 蔚蟺蔚蟿维尉伪谓 蟿伪
2	蟽伪谓	ADP	DET	蔚委渭伪喂	蟽虇蟽虇蠀位位喂维	蔚委渭伪喂 蟽伪谓 蟽虇蟽虇蠀位位喂维 尾蟻蔚渭苇谓伪
2	尾蟻蔚渭苇谓伪	ADJ	PRON	蟽虇蟽虇蠀位位喂维	<EOS>	蔚委渭伪喂 蟽伪谓 蟽虇蟽虇蠀位位喂维 尾蟻蔚渭苇谓伪
2	蔚蟺苇胃伪谓蔚谓	VERB	PRON	螠维蟻喂慰蟼	伪谓伪味畏蟿蠋谓蟿伪蟼	慰 螠维蟻喂慰蟼 蔚蟺苇胃伪谓蔚谓 伪谓伪味畏蟿蠋谓蟿伪蟼 蟿慰蠀蟼 魏蠈蟿蟽虇喂谓慰蠀蟼 尾维蟿蟻伪蠂慰蠀蟼 蟿味虇伪喂 蟿慰蠀蟼 渭蟺位蔚 魏蠉魏谓慰蠀蟼
2	魏蠈蟿蟽虇喂谓慰蠀蟼	ADJ	ADP	蟿慰蠀蟼	尾维蟿蟻伪蠂慰蠀蟼	慰 螠维蟻喂慰蟼 蔚蟺苇胃伪谓蔚谓 伪谓伪味畏蟿蠋谓蟿伪蟼 蟿慰蠀蟼 魏蠈蟿蟽虇喂谓慰蠀蟼 尾维蟿蟻伪蠂慰蠀蟼 蟿味虇伪喂 蟿慰蠀蟼 渭蟺位蔚 魏蠉魏谓慰蠀蟼
2	魏蠉魏谓慰蠀蟼	NOUN	CONJ	渭蟺位蔚	<EOS>	慰 螠维蟻喂慰蟼 蔚蟺苇胃伪谓蔚谓 伪谓伪味畏蟿蠋谓蟿伪蟼 蟿慰蠀蟼 魏蠈蟿蟽虇喂谓慰蠀蟼 尾维蟿蟻伪蠂慰蠀蟼 蟿味虇伪喂 蟿慰蠀蟼 渭蟺位蔚 魏蠉魏谓慰蠀蟼
2	魏蔚蟻未委蟽蠅	VERB	PART	谓伪	未喂蟺位维	蟺蟻慰蟽蔚蠉蠂慰蠀渭伪喂 谓伪 魏蔚蟻未委蟽蠅 未喂蟺位维 蟻喂维位位喂伪 蟺苇蟻魏喂渭慰谓 蟺维蠅 蟺慰蠉蟺慰蟿蔚 未喂伪魏慰蟺苇蟼 蟿慰 蟺维蟽蠂伪 渭蔚 蟿畏谓 螝蠅谓蟽蟿伪谓蟿委谓伪
2	未喂蟺位维	ADV	VERB	魏蔚蟻未委蟽蠅	蟻喂维位位喂伪	蟺蟻慰蟽蔚蠉蠂慰蠀渭伪喂 谓伪 魏蔚蟻未委蟽蠅 未喂蟺位维 蟻喂维位位喂伪 蟺苇蟻魏喂渭慰谓 蟺维蠅 蟺慰蠉蟺慰蟿蔚 未喂伪魏慰蟺苇蟼 蟿慰 蟺维蟽蠂伪 渭蔚 蟿畏谓 螝蠅谓蟽蟿伪谓蟿委谓伪
2	蟻喂维位位喂伪	NOUN	DET	未喂蟺位维	蟺苇蟻魏喂渭慰谓	蟺蟻慰蟽蔚蠉蠂慰蠀渭伪喂 谓伪 魏蔚蟻未委蟽蠅 未喂蟺位维 蟻喂维位位喂伪 蟺苇蟻魏喂渭慰谓 蟺维蠅 蟺慰蠉蟺慰蟿蔚 未喂伪魏慰蟺苇蟼 蟿慰 蟺维蟽蠂伪 渭蔚 蟿畏谓 螝蠅谓蟽蟿伪谓蟿委谓伪
2	蟺苇蟻魏喂渭慰谓	ADV	NOUN	蟻喂维位位喂伪	蟺维蠅	蟺蟻慰蟽蔚蠉蠂慰蠀渭伪喂 谓伪 魏蔚蟻未委蟽蠅 未喂蟺位维 蟻喂维位位喂伪 蟺苇蟻魏喂渭慰谓 蟺维蠅 蟺慰蠉蟺慰蟿蔚 未喂伪魏慰蟺苇蟼 蟿慰 蟺维蟽蠂伪 渭蔚 蟿畏谓 螝蠅谓蟽蟿伪谓蟿委谓伪
2	蟺维蠅	VERB	SCONJ	蟺苇蟻魏喂渭慰谓	蟺慰蠉蟺慰蟿蔚	蟺蟻慰蟽蔚蠉蠂慰蠀渭伪喂 谓伪 魏蔚蟻未委蟽蠅 未喂蟺位维 蟻喂维位位喂伪 蟺苇蟻魏喂渭慰谓 蟺维蠅 蟺慰蠉蟺慰蟿蔚 未喂伪魏慰蟺苇蟼 蟿慰 蟺维蟽蠂伪 渭蔚 蟿畏谓 螝蠅谓蟽蟿伪谓蟿委谓伪
2	蟺慰蠉蟺慰蟿蔚	ADV	PART	蟺维蠅	未喂伪魏慰蟺苇蟼	蟺蟻慰蟽蔚蠉蠂慰蠀渭伪喂 谓伪 魏蔚蟻未委蟽蠅 未喂蟺位维 蟻喂维位位喂伪 蟺苇蟻魏喂渭慰谓 蟺维蠅 蟺慰蠉蟺慰蟿蔚 未喂伪魏慰蟺苇蟼 蟿慰 蟺维蟽蠂伪 渭蔚 蟿畏谓 螝蠅谓蟽蟿伪谓蟿委谓伪
2	未喂伪魏慰蟺苇蟼	NOUN	VERB	蟺慰蠉蟺慰蟿蔚	蟿慰	蟺蟻慰蟽蔚蠉蠂慰蠀渭伪喂 谓伪 魏蔚蟻未委蟽蠅 未喂蟺位维 蟻喂维位位喂伪 蟺苇蟻魏喂渭慰谓 蟺维蠅 蟺慰蠉蟺慰蟿蔚 未喂伪魏慰蟺苇蟼 蟿慰 蟺维蟽蠂伪 渭蔚 蟿畏谓 螝蠅谓蟽蟿伪谓蟿委谓伪
2	蟿慰	PRON	DET	未喂伪魏慰蟺苇蟼	蟺维蟽蠂伪	蟺蟻慰蟽蔚蠉蠂慰蠀渭伪喂 谓伪 魏蔚蟻未委蟽蠅 未喂蟺位维 蟻喂维位位喂伪 蟺苇蟻魏喂渭慰谓 蟺维蠅 蟺慰蠉蟺慰蟿蔚 未喂伪魏慰蟺苇蟼 蟿慰 蟺维蟽蠂伪 渭蔚 蟿畏谓 螝蠅谓蟽蟿伪谓蟿委谓伪
2	伪蟺委蟽蟿蔚蠀蟿慰谓	ADJ	PRON	蟽蟿慰	蟺位慰委慰谓	蔚渭蟺萎魏伪蟽喂谓 渭苇蟽伪 蟽蟿慰 伪蟺委蟽蟿蔚蠀蟿慰谓 蟺位慰委慰谓 蟿慰蠀 魏伪蟺蔚蟿维谓喂慰蠀 伪蠁慰蠉蟿喂蟼 蔚蟺位畏蟻蠋蟽伪渭蔚谓 纬喂伪 位位蠈慰蠀 蟿慰蠀蟼
2	魏伪蟺蔚蟿维谓喂慰蠀	NOUN	VERB	蟿慰蠀	伪蠁慰蠉蟿喂蟼	蔚渭蟺萎魏伪蟽喂谓 渭苇蟽伪 蟽蟿慰 伪蟺委蟽蟿蔚蠀蟿慰谓 蟺位慰委慰谓 蟿慰蠀 魏伪蟺蔚蟿维谓喂慰蠀 伪蠁慰蠉蟿喂蟼 蔚蟺位畏蟻蠋蟽伪渭蔚谓 纬喂伪 位位蠈慰蠀 蟿慰蠀蟼
2	伪蠁慰蠉蟿喂蟼	SCONJ	ADV	魏伪蟺蔚蟿维谓喂慰蠀	蔚蟺位畏蟻蠋蟽伪渭蔚谓	蔚渭蟺萎魏伪蟽喂谓 渭苇蟽伪 蟽蟿慰 伪蟺委蟽蟿蔚蠀蟿慰谓 蟺位慰委慰谓 蟿慰蠀 魏伪蟺蔚蟿维谓喂慰蠀 伪蠁慰蠉蟿喂蟼 蔚蟺位畏蟻蠋蟽伪渭蔚谓 纬喂伪 位位蠈慰蠀 蟿慰蠀蟼
2	蔚蟺位畏蟻蠋蟽伪渭蔚谓	VERB	ADJ	伪蠁慰蠉蟿喂蟼	纬喂伪	蔚渭蟺萎魏伪蟽喂谓 渭苇蟽伪 蟽蟿慰 伪蟺委蟽蟿蔚蠀蟿慰谓 蟺位慰委慰谓 蟿慰蠀 魏伪蟺蔚蟿维谓喂慰蠀 伪蠁慰蠉蟿喂蟼 蔚蟺位畏蟻蠋蟽伪渭蔚谓 纬喂伪 位位蠈慰蠀 蟿慰蠀蟼
2	位位蠈慰蠀	PRON	NOUN	纬喂伪	蟿慰蠀蟼	蔚渭蟺萎魏伪蟽喂谓 渭苇蟽伪 蟽蟿慰 伪蟺委蟽蟿蔚蠀蟿慰谓 蟺位慰委慰谓 蟿慰蠀 魏伪蟺蔚蟿维谓喂慰蠀 伪蠁慰蠉蟿喂蟼 蔚蟺位畏蟻蠋蟽伪渭蔚谓 纬喂伪 位位蠈慰蠀 蟿慰蠀蟼
2	苇蠂蠅	VERB	PART	<BOS>	魏维渭蟺慰蟽蔚蟼	苇蠂蠅 魏维渭蟺慰蟽蔚蟼 魏位维蟿蟽蔚蟼 纬喂伪 蟿慰谓 危蔚蟺蟿苇渭尾蟻畏
2	魏维渭蟺慰蟽蔚蟼	DET	VERB	苇蠂蠅	魏位维蟿蟽蔚蟼	苇蠂蠅 魏维渭蟺慰蟽蔚蟼 魏位维蟿蟽蔚蟼 纬喂伪 蟿慰谓 危蔚蟺蟿苇渭尾蟻畏
2	魏位维蟿蟽蔚蟼	NOUN	ADV	魏维渭蟺慰蟽蔚蟼	纬喂伪	苇蠂蠅 魏维渭蟺慰蟽蔚蟼 魏位维蟿蟽蔚蟼 纬喂伪 蟿慰谓 危蔚蟺蟿苇渭尾蟻畏
2	蟺慰位位维	ADJ	ADV	蔚委蟽虇蔚谓	蟺伪喂蠂谓委未喂伪	蔚委蟽虇蔚谓 蟺慰位位维 蟺伪喂蠂谓委未喂伪 渭蔚 蟿畏谓 渭维渭渭伪 魏伪喂 蟿慰谓 蟺伪蟺维谓 渭慰蠀
2	蟺伪喂蠂谓委未喂伪	NOUN	ADJ	蟺慰位位维	渭蔚	蔚委蟽虇蔚谓 蟺慰位位维 蟺伪喂蠂谓委未喂伪 渭蔚 蟿畏谓 渭维渭渭伪 魏伪喂 蟿慰谓 蟺伪蟺维谓 渭慰蠀
2	蟿畏谓	DET	PRON	渭蔚	渭维渭渭伪	蔚委蟽虇蔚谓 蟺慰位位维 蟺伪喂蠂谓委未喂伪 渭蔚 蟿畏谓 渭维渭渭伪 魏伪喂 蟿慰谓 蟺伪蟺维谓 渭慰蠀
2	蟿慰谓	DET	PRON	魏伪喂	蟺伪蟺维谓	蔚委蟽虇蔚谓 蟺慰位位维 蟺伪喂蠂谓委未喂伪 渭蔚 蟿畏谓 渭维渭渭伪 魏伪喂 蟿慰谓 蟺伪蟺维谓 渭慰蠀
2	蟿慰蠀蟼 	PRON	CONJ	蟽蟺委蟿魏喂伪	蔚谓	蟿伪 蟽蟺委蟿魏喂伪 蟿慰蠀蟼  蔚谓 未委蟺位伪 蟿味虇伪喂 蟺伪委味慰蠀谓 蟿慰 伪蟺蠈纬蔚蠀渭伪谓
2	未委蟺位伪	ADV	ADJ	蔚谓	蟿味虇伪喂	蟿伪 蟽蟺委蟿魏喂伪 蟿慰蠀蟼  蔚谓 未委蟺位伪 蟿味虇伪喂 蟺伪委味慰蠀谓 蟿慰 伪蟺蠈纬蔚蠀渭伪谓
2	渭蔚蟿维	ADV	NOUN	渭慰蠀	渭蔚	蔚谓谓维 蟺位蠉谓谓蠅 蟿伪 未蠈谓蟿喂伪 渭慰蠀 渭蔚蟿维 渭蔚 蟿畏谓 慰未慰谓蟿蠈蟺伪蟽蟿伪 魏伪喂 蟿畏谓 慰未慰谓蟿蠈尾慰蠀蟻蟿蟽伪 谓伪 蔚委谓伪喂 魏伪胃伪蟻维 蟿味虇伪喂 维蟽蟺蟻伪
2	蟿畏谓	DET	PRON	渭蔚	慰未慰谓蟿蠈蟺伪蟽蟿伪	蔚谓谓维 蟺位蠉谓谓蠅 蟿伪 未蠈谓蟿喂伪 渭慰蠀 渭蔚蟿维 渭蔚 蟿畏谓 慰未慰谓蟿蠈蟺伪蟽蟿伪 魏伪喂 蟿畏谓 慰未慰谓蟿蠈尾慰蠀蟻蟿蟽伪 谓伪 蔚委谓伪喂 魏伪胃伪蟻维 蟿味虇伪喂 维蟽蟺蟻伪
2	蟿畏谓	DET	PRON	魏伪喂	慰未慰谓蟿蠈尾慰蠀蟻蟿蟽伪	蔚谓谓维 蟺位蠉谓谓蠅 蟿伪 未蠈谓蟿喂伪 渭慰蠀 渭蔚蟿维 渭蔚 蟿畏谓 慰未慰谓蟿蠈蟺伪蟽蟿伪 魏伪喂 蟿畏谓 慰未慰谓蟿蠈尾慰蠀蟻蟿蟽伪 谓伪 蔚委谓伪喂 魏伪胃伪蟻维 蟿味虇伪喂 维蟽蟺蟻伪
2	慰未慰谓蟿蠈尾慰蠀蟻蟿蟽伪	NOUN	VERB	蟿畏谓	谓伪	蔚谓谓维 蟺位蠉谓谓蠅 蟿伪 未蠈谓蟿喂伪 渭慰蠀 渭蔚蟿维 渭蔚 蟿畏谓 慰未慰谓蟿蠈蟺伪蟽蟿伪 魏伪喂 蟿畏谓 慰未慰谓蟿蠈尾慰蠀蟻蟿蟽伪 谓伪 蔚委谓伪喂 魏伪胃伪蟻维 蟿味虇伪喂 维蟽蟺蟻伪
2	维蟽蟺蟻伪	ADJ	VERB	蟿味虇伪喂	<EOS>	蔚谓谓维 蟺位蠉谓谓蠅 蟿伪 未蠈谓蟿喂伪 渭慰蠀 渭蔚蟿维 渭蔚 蟿畏谓 慰未慰谓蟿蠈蟺伪蟽蟿伪 魏伪喂 蟿畏谓 慰未慰谓蟿蠈尾慰蠀蟻蟿蟽伪 谓伪 蔚委谓伪喂 魏伪胃伪蟻维 蟿味虇伪喂 维蟽蟺蟻伪
2	蔚谓	VERB	PART	<BOS>	蟺慰蠀	蔚谓 蟺慰蠀 蟿慰 蟽慰蠉蟺蔚蟻渭伪蟻魏蔚蟿
2	蟺慰蠀魏维渭喂蟽慰	NOUN	ADP	苇谓伪	蠈蟺蠅蟼	蔚委蟽虇蔚蟼 蟿味虇伪喂 苇谓伪 蟺慰蠀魏维渭喂蟽慰 蠈蟺蠅蟼 蟿慰蠀 蟺伪蟺维 渭慰蠀
2	蠈蟺蠅蟼	ADV	NOUN	蟺慰蠀魏维渭喂蟽慰	蟿慰蠀	蔚委蟽虇蔚蟼 蟿味虇伪喂 苇谓伪 蟺慰蠀魏维渭喂蟽慰 蠈蟺蠅蟼 蟿慰蠀 蟺伪蟺维 渭慰蠀
2	蟿慰蠀	DET	PRON	蠈蟺蠅蟼	蟺伪蟺维	蔚委蟽虇蔚蟼 蟿味虇伪喂 苇谓伪 蟺慰蠀魏维渭喂蟽慰 蠈蟺蠅蟼 蟿慰蠀 蟺伪蟺维 渭慰蠀
2	伪蟻蟻蠋蟽蟿畏蟽蔚	VERB	PRON	魏蠉蟻喂慰蟼	<EOS>	慰 魏蠉蟻喂慰蟼 伪蟻蟻蠋蟽蟿畏蟽蔚
3	蔚委蟽伪喂	VERB	DET	<BOS>	苇谓伪蟼	蔚委蟽伪喂 苇谓伪蟼 位蔚尾蔚谓蟿维胃蟻蠅蟺慰蟼
3	苇谓伪蟼	DET	NOUN	蔚委蟽伪喂	位蔚尾蔚谓蟿维胃蟻蠅蟺慰蟼	蔚委蟽伪喂 苇谓伪蟼 位蔚尾蔚谓蟿维胃蟻蠅蟺慰蟼
3	位蔚尾蔚谓蟿维胃蟻蠅蟺慰蟼	NOUN	PRON	苇谓伪蟼	<EOS>	蔚委蟽伪喂 苇谓伪蟼 位蔚尾蔚谓蟿维胃蟻蠅蟺慰蟼
3	蔚谓	PART	VERB	未喂蠈蟿喂	苇蠂慰蠀谓	蔚未慰蠀位蔚蠉魏伪蟽喂谓 未喂蠈蟿喂 蔚谓 苇蠂慰蠀谓 蠄蠅渭委谓 谓伪 蠁伪谓
3	苇蠂慰蠀谓	VERB	SCONJ	蔚谓	蠄蠅渭委谓	蔚未慰蠀位蔚蠉魏伪蟽喂谓 未喂蠈蟿喂 蔚谓 苇蠂慰蠀谓 蠄蠅渭委谓 谓伪 蠁伪谓
3	蠄蠅渭委谓	NOUN	VERB	苇蠂慰蠀谓	谓伪	蔚未慰蠀位蔚蠉魏伪蟽喂谓 未喂蠈蟿喂 蔚谓 苇蠂慰蠀谓 蠄蠅渭委谓 谓伪 蠁伪谓
3	蟺慰蟻蟿慰魏魏伪位位喂维	ADJ	ADV	蔚谓	<EOS>	蟿伪 蟺蠈未喂伪 蟿慰蠀 蔚谓 蟺慰蟻蟿慰魏魏伪位位喂维
3	胃苇位蠅	VERB	PART	<BOS>	蟽慰魏慰位维蟿蔚蟼	胃苇位蠅 蟽慰魏慰位维蟿蔚蟼 谓伪 蠁维渭蔚谓 蟿味虇伪喂 维位位伪 蟺伪喂蠂谓委胃魏喂伪 谓伪 蟺伪委尉慰蠀渭蔚谓 渭伪味委谓
3	蟽慰魏慰位维蟿蔚蟼	NOUN	VERB	胃苇位蠅	谓伪	胃苇位蠅 蟽慰魏慰位维蟿蔚蟼 谓伪 蠁维渭蔚谓 蟿味虇伪喂 维位位伪 蟺伪喂蠂谓委胃魏喂伪 谓伪 蟺伪委尉慰蠀渭蔚谓 渭伪味委谓
3	蟺伪喂蠂谓委胃魏喂伪	NOUN	VERB	维位位伪	谓伪	胃苇位蠅 蟽慰魏慰位维蟿蔚蟼 谓伪 蠁维渭蔚谓 蟿味虇伪喂 维位位伪 蟺伪喂蠂谓委胃魏喂伪 谓伪 蟺伪委尉慰蠀渭蔚谓 渭伪味委谓
3	蔚谓	PART	VERB	<BOS>	蔚蟺萎伪	蔚谓 蔚蟺萎伪 蔚谓 渭蔚 蟺萎蟻伪谓 慰 蟺伪蟺蟺慰蠉蟼 蟿味虇伪喂 畏 纬喂伪纬喂维
3	蔚蟺萎伪	VERB	SCONJ	蔚谓	蔚谓	蔚谓 蔚蟺萎伪 蔚谓 渭蔚 蟺萎蟻伪谓 慰 蟺伪蟺蟺慰蠉蟼 蟿味虇伪喂 畏 纬喂伪纬喂维
3	蔚谓	PART	VERB	蔚蟺萎伪	渭蔚	蔚谓 蔚蟺萎伪 蔚谓 渭蔚 蟺萎蟻伪谓 慰 蟺伪蟺蟺慰蠉蟼 蟿味虇伪喂 畏 纬喂伪纬喂维
3	渭蔚	ADP	SCONJ	蔚谓	蟺萎蟻伪谓	蔚谓 蔚蟺萎伪 蔚谓 渭蔚 蟺萎蟻伪谓 慰 蟺伪蟺蟺慰蠉蟼 蟿味虇伪喂 畏 纬喂伪纬喂维
3	渭苇位喂谓	NOUN	VERB	蟿味虇伪喂	<EOS>	苇蟺蟺蔚蟽蔚谓 蟺维谓蠅 纬维位伪 蟿味虇伪喂 渭苇位喂谓
3	蟺慰喂慰谓	ADP	VERB	<BOS>	渭蠅蟻蠈谓	蟺慰喂慰谓 渭蠅蟻蠈谓 苇蟺伪喂尉蔚谓 蟿味虇伪喂 伪谓伪魏维蟿蔚蠄蔚谓 蟿伪 慰蠉位位伪
3	渭蠅蟻蠈谓	NOUN	DET	蟺慰喂慰谓	苇蟺伪喂尉蔚谓	蟺慰喂慰谓 渭蠅蟻蠈谓 苇蟺伪喂尉蔚谓 蟿味虇伪喂 伪谓伪魏维蟿蔚蠄蔚谓 蟿伪 慰蠉位位伪
3	苇蟺伪喂尉蔚谓	VERB	NOUN	渭蠅蟻蠈谓	蟿味虇伪喂	蟺慰喂慰谓 渭蠅蟻蠈谓 苇蟺伪喂尉蔚谓 蟿味虇伪喂 伪谓伪魏维蟿蔚蠄蔚谓 蟿伪 慰蠉位位伪
3	蔚纬蠈蟻伪蟽蔚谓	VERB	ADP	纬喂伪纬喂维	渭伪蟼	畏 纬喂伪纬喂维 蔚纬蠈蟻伪蟽蔚谓 渭伪蟼 蠁蟻慰蠀蟿维魏喂伪 谓伪 蠁维渭蔚谓
3	蠁蟻慰蠀蟿维魏喂伪	NOUN	VERB	渭伪蟼	谓伪	畏 纬喂伪纬喂维 蔚纬蠈蟻伪蟽蔚谓 渭伪蟼 蠁蟻慰蠀蟿维魏喂伪 谓伪 蠁维渭蔚谓
3	未伪渭苇	ADV	VERB	<BOS>	魏伪谓苇谓伪蟼	未伪渭苇 魏伪谓苇谓伪蟼 蔚谓 苇蟻魏蔚蟿伪喂 蔚蟺蔚喂未萎 蟺蟻喂谓 未苇魏伪 渭苇蟻蔚蟼 蔚委蟽虇蔚谓 未蠀蟽蟿蠉蠂畏渭伪谓
3	魏伪谓苇谓伪蟼	DET	SCONJ	未伪渭苇	蔚谓	未伪渭苇 魏伪谓苇谓伪蟼 蔚谓 苇蟻魏蔚蟿伪喂 蔚蟺蔚喂未萎 蟺蟻喂谓 未苇魏伪 渭苇蟻蔚蟼 蔚委蟽虇蔚谓 未蠀蟽蟿蠉蠂畏渭伪谓
3	蟺蟻喂谓	ADV	PART	蔚蟺蔚喂未萎	未苇魏伪	未伪渭苇 魏伪谓苇谓伪蟼 蔚谓 苇蟻魏蔚蟿伪喂 蔚蟺蔚喂未萎 蟺蟻喂谓 未苇魏伪 渭苇蟻蔚蟼 蔚委蟽虇蔚谓 未蠀蟽蟿蠉蠂畏渭伪谓
3	未苇魏伪	ADJ	VERB	蟺蟻喂谓	渭苇蟻蔚蟼	未伪渭苇 魏伪谓苇谓伪蟼 蔚谓 苇蟻魏蔚蟿伪喂 蔚蟺蔚喂未萎 蟺蟻喂谓 未苇魏伪 渭苇蟻蔚蟼 蔚委蟽虇蔚谓 未蠀蟽蟿蠉蠂畏渭伪谓
3	渭苇蟻蔚蟼	NOUN	SCONJ	未苇魏伪	蔚委蟽虇蔚谓	未伪渭苇 魏伪谓苇谓伪蟼 蔚谓 苇蟻魏蔚蟿伪喂 蔚蟺蔚喂未萎 蟺蟻喂谓 未苇魏伪 渭苇蟻蔚蟼 蔚委蟽虇蔚谓 未蠀蟽蟿蠉蠂畏渭伪谓
3	未蠀蟽蟿蠉蠂畏渭伪谓	NOUN	ADV	蔚委蟽虇蔚谓	<EOS>	未伪渭苇 魏伪谓苇谓伪蟼 蔚谓 苇蟻魏蔚蟿伪喂 蔚蟺蔚喂未萎 蟺蟻喂谓 未苇魏伪 渭苇蟻蔚蟼 蔚委蟽虇蔚谓 未蠀蟽蟿蠉蠂畏渭伪谓
3	谓伪	SCONJ	DET	<BOS>	渭蔚谓	谓伪 渭蔚谓 尉蔚蟻维谓慰蠀谓 蔚谓 魏蟻委渭伪 蟿伪 魏伪畏渭苇谓伪 蟿味虇伪喂 蔚谓 蟺慰位位维 蠈渭慰蟻蠁伪 未苇谓蟿蟻伪
3	渭蔚谓	PART	NOUN	谓伪	尉蔚蟻维谓慰蠀谓	谓伪 渭蔚谓 尉蔚蟻维谓慰蠀谓 蔚谓 魏蟻委渭伪 蟿伪 魏伪畏渭苇谓伪 蟿味虇伪喂 蔚谓 蟺慰位位维 蠈渭慰蟻蠁伪 未苇谓蟿蟻伪
3	尉蔚蟻维谓慰蠀谓	VERB	CONJ	渭蔚谓	蔚谓	谓伪 渭蔚谓 尉蔚蟻维谓慰蠀谓 蔚谓 魏蟻委渭伪 蟿伪 魏伪畏渭苇谓伪 蟿味虇伪喂 蔚谓 蟺慰位位维 蠈渭慰蟻蠁伪 未苇谓蟿蟻伪
3	蔚谓	VERB	PART	尉蔚蟻维谓慰蠀谓	魏蟻委渭伪	谓伪 渭蔚谓 尉蔚蟻维谓慰蠀谓 蔚谓 魏蟻委渭伪 蟿伪 魏伪畏渭苇谓伪 蟿味虇伪喂 蔚谓 蟺慰位位维 蠈渭慰蟻蠁伪 未苇谓蟿蟻伪
3	魏蟻委渭伪	NOUN	VERB	蔚谓	蟿伪	谓伪 渭蔚谓 尉蔚蟻维谓慰蠀谓 蔚谓 魏蟻委渭伪 蟿伪 魏伪畏渭苇谓伪 蟿味虇伪喂 蔚谓 蟺慰位位维 蠈渭慰蟻蠁伪 未苇谓蟿蟻伪
3	魏伪畏渭苇谓伪	ADJ	NOUN	蟿伪	蟿味虇伪喂	谓伪 渭蔚谓 尉蔚蟻维谓慰蠀谓 蔚谓 魏蟻委渭伪 蟿伪 魏伪畏渭苇谓伪 蟿味虇伪喂 蔚谓 蟺慰位位维 蠈渭慰蟻蠁伪 未苇谓蟿蟻伪
3	蟺慰位位维	ADV	ADJ	蔚谓	蠈渭慰蟻蠁伪	谓伪 渭蔚谓 尉蔚蟻维谓慰蠀谓 蔚谓 魏蟻委渭伪 蟿伪 魏伪畏渭苇谓伪 蟿味虇伪喂 蔚谓 蟺慰位位维 蠈渭慰蟻蠁伪 未苇谓蟿蟻伪
3	蠈渭慰蟻蠁伪	ADV	NOUN	蟺慰位位维	未苇谓蟿蟻伪	谓伪 渭蔚谓 尉蔚蟻维谓慰蠀谓 蔚谓 魏蟻委渭伪 蟿伪 魏伪畏渭苇谓伪 蟿味虇伪喂 蔚谓 蟺慰位位维 蠈渭慰蟻蠁伪 未苇谓蟿蟻伪
3	未苇谓蟿蟻伪	NOUN	PRON	蠈渭慰蟻蠁伪	<EOS>	谓伪 渭蔚谓 尉蔚蟻维谓慰蠀谓 蔚谓 魏蟻委渭伪 蟿伪 魏伪畏渭苇谓伪 蟿味虇伪喂 蔚谓 蟺慰位位维 蠈渭慰蟻蠁伪 未苇谓蟿蟻伪
3	蟿慰蠉蟿伪	PRON	PART	<BOS>	蔚谓	蟿慰蠉蟿伪 蔚谓 蟺慰位位维 未蠀谓伪蟿维 纬喂伪  蔚渭苇谓伪 蟺蟻慰蟿喂渭蠋 蟺喂慰 渭喂蟿蟽虇维
3	蟺慰位位维	ADV	ADJ	蔚谓	未蠀谓伪蟿维	蟿慰蠉蟿伪 蔚谓 蟺慰位位维 未蠀谓伪蟿维 纬喂伪  蔚渭苇谓伪 蟺蟻慰蟿喂渭蠋 蟺喂慰 渭喂蟿蟽虇维
3	未蠀谓伪蟿维	ADJ	NOUN	蟺慰位位维	纬喂伪 	蟿慰蠉蟿伪 蔚谓 蟺慰位位维 未蠀谓伪蟿维 纬喂伪  蔚渭苇谓伪 蟺蟻慰蟿喂渭蠋 蟺喂慰 渭喂蟿蟽虇维
3	纬喂伪 	ADP	CONJ	未蠀谓伪蟿维	蔚渭苇谓伪	蟿慰蠉蟿伪 蔚谓 蟺慰位位维 未蠀谓伪蟿维 纬喂伪  蔚渭苇谓伪 蟺蟻慰蟿喂渭蠋 蟺喂慰 渭喂蟿蟽虇维
3	蔚渭苇谓伪	PRON	PART	纬喂伪 	蟺蟻慰蟿喂渭蠋	蟿慰蠉蟿伪 蔚谓 蟺慰位位维 未蠀谓伪蟿维 纬喂伪  蔚渭苇谓伪 蟺蟻慰蟿喂渭蠋 蟺喂慰 渭喂蟿蟽虇维
3	蟺喂慰	ADV	DET	蟺蟻慰蟿喂渭蠋	渭喂蟿蟽虇维	蟿慰蠉蟿伪 蔚谓 蟺慰位位维 未蠀谓伪蟿维 纬喂伪  蔚渭苇谓伪 蟺蟻慰蟿喂渭蠋 蟺喂慰 渭喂蟿蟽虇维
3	渭喂蟿蟽虇维	ADJ	NOUN	蟺喂慰	<EOS>	蟿慰蠉蟿伪 蔚谓 蟺慰位位维 未蠀谓伪蟿维 纬喂伪  蔚渭苇谓伪 蟺蟻慰蟿喂渭蠋 蟺喂慰 渭喂蟿蟽虇维
4	蔚蟺萎蟻蔚谓	VERB	PRON	慰渭慰谓慰喂维蟿畏蟼	渭喂蟿维	慰 慰渭慰谓慰喂维蟿畏蟼 蔚蟺萎蟻蔚谓 渭喂蟿维 蟿慰蠀 伪蟺慰蔚位委蟽蟿蔚蟼 蟿味虇伪喂 苇蟽虇蟽虇喂味蔚谓 蟿慰蠀蟼
4	渭喂蟿维	ADV	NOUN	蔚蟺萎蟻蔚谓	蟿慰蠀	慰 慰渭慰谓慰喂维蟿畏蟼 蔚蟺萎蟻蔚谓 渭喂蟿维 蟿慰蠀 伪蟺慰蔚位委蟽蟿蔚蟼 蟿味虇伪喂 苇蟽虇蟽虇喂味蔚谓 蟿慰蠀蟼
4	苇蟽虇蟽虇喂味蔚谓	VERB	NOUN	蟿味虇伪喂	蟿慰蠀蟼	慰 慰渭慰谓慰喂维蟿畏蟼 蔚蟺萎蟻蔚谓 渭喂蟿维 蟿慰蠀 伪蟺慰蔚位委蟽蟿蔚蟼 蟿味虇伪喂 苇蟽虇蟽虇喂味蔚谓 蟿慰蠀蟼
4	蔚蠂蟿苇蟼	ADV	PART	<BOS>	苇未蠅魏伪	蔚蠂蟿苇蟼 苇未蠅魏伪 魏维蟿蠅 蟺慰蠉 蟿畏谓 渭蔚维位畏 蟽魏维位伪谓 蟿味虇伪喂 蔚蟽虇蟽虇蠀位位慰蟺蠈谓畏蟽伪
4	蔚蟽虇蟽虇蠀位位慰蟺蠈谓畏蟽伪	VERB	DET	蟿味虇伪喂	<EOS>	蔚蠂蟿苇蟼 苇未蠅魏伪 魏维蟿蠅 蟺慰蠉 蟿畏谓 渭蔚维位畏 蟽魏维位伪谓 蟿味虇伪喂 蔚蟽虇蟽虇蠀位位慰蟺蠈谓畏蟽伪
4	魏委蟿蟻喂谓畏	ADJ	ADV	蔚委谓伪喂 	渭蔚	蔚委谓伪喂  魏委蟿蟻喂谓畏 渭蔚 维蟽蟺蟻慰谓 蟿味虇伪喂 渭伪蠉蟻蔚蟼 尾慰蠉位蔚蟼
4	维蟽蟺蟻慰谓	ADJ	NOUN	渭蔚	蟿味虇伪喂	蔚委谓伪喂  魏委蟿蟻喂谓畏 渭蔚 维蟽蟺蟻慰谓 蟿味虇伪喂 渭伪蠉蟻蔚蟼 尾慰蠉位蔚蟼
4	渭伪蠉蟻蔚蟼	ADJ	DET	蟿味虇伪喂	尾慰蠉位蔚蟼	蔚委谓伪喂  魏委蟿蟻喂谓畏 渭蔚 维蟽蟺蟻慰谓 蟿味虇伪喂 渭伪蠉蟻蔚蟼 尾慰蠉位蔚蟼
4	尾位苇蟺蔚喂	VERB	CONJ	伪纬蠈蟻喂谓	蟿慰	蟿慰 伪纬蠈蟻喂谓 尾位苇蟺蔚喂 蟿慰 蟿蟻苇谓慰谓
4	蔚谓	VERB	PART	<BOS>	蠂喂慰谓维谓胃蟻蠅蟺慰蟼	蔚谓 蠂喂慰谓维谓胃蟻蠅蟺慰蟼
4	蠂喂慰谓维谓胃蟻蠅蟺慰蟼	NOUN	VERB	蔚谓	<EOS>	蔚谓 蠂喂慰谓维谓胃蟻蠅蟺慰蟼
4	未蟻蠈渭慰谓	NOUN	PRON	蟽蟿慰	蟽蟿畏谓	蟺蔚蟻蟺伪蟿维 蟽蟿慰 未蟻蠈渭慰谓 蟽蟿畏谓 维魏蟻畏
4	维魏蟻畏	NOUN	PRON	蟽蟿畏谓	<EOS>	蟺蔚蟻蟺伪蟿维 蟽蟿慰 未蟻蠈渭慰谓 蟽蟿畏谓 维魏蟻畏
4	位慰蠉谓伪蟺伪蟻魏	NOUN	PRON	蟽蟿慰	蟺伪委味慰蠀谓	蟽蟿慰 位慰蠉谓伪蟺伪蟻魏 蟺伪委味慰蠀谓 蟿伪 渭蠅蟻维
4	渭蟺位蔚	ADJ	ADP	萎蟿伪谓	蟿慰	萎蟿伪谓 渭蟺位蔚 蟿慰 蠁蠈蟻蔚渭伪谓 蟿畏蟼 蟽蟿伪蠂蟿慰蟺慰蠉蟿伪蟼
4	蟿畏蟼	DET	PRON	蠁蠈蟻蔚渭伪谓	蟽蟿伪蠂蟿慰蟺慰蠉蟿伪蟼	萎蟿伪谓 渭蟺位蔚 蟿慰 蠁蠈蟻蔚渭伪谓 蟿畏蟼 蟽蟿伪蠂蟿慰蟺慰蠉蟿伪蟼
4	蔚纬蠋	PRON	VERB	<BOS>	蟽蟿慰	蔚纬蠋 蟽蟿慰 蟽蠂慰位蔚委慰谓 渭慰蠀 蟿蟻蠋蠅 蟿蠀蟻蠈蟺喂蟿伪 蟿味虇伪喂 纬伪位伪蟿维魏喂
4	蟿蟻蠋蠅	VERB	ADJ	渭慰蠀	蟿蠀蟻蠈蟺喂蟿伪	蔚纬蠋 蟽蟿慰 蟽蠂慰位蔚委慰谓 渭慰蠀 蟿蟻蠋蠅 蟿蠀蟻蠈蟺喂蟿伪 蟿味虇伪喂 纬伪位伪蟿维魏喂
4	纬伪位伪蟿维魏喂	NOUN	DET	蟿味虇伪喂	<EOS>	蔚纬蠋 蟽蟿慰 蟽蠂慰位蔚委慰谓 渭慰蠀 蟿蟻蠋蠅 蟿蠀蟻蠈蟺喂蟿伪 蟿味虇伪喂 纬伪位伪蟿维魏喂
4	魏维胃蔚渭喂伪蟼	DET	NOUN	蟿畏蟼	蟿味虇伪喂	蟽蟿伪渭维蟿伪 谓伪 未喂维蟼 蟿慰 蟿畏位苇蠁蠅谓慰 蟽慰蠀 蟿畏蟼 魏维胃蔚渭喂伪蟼 蟿味虇伪喂 蔚尾伪蟻苇胃畏魏伪 谓伪 蟽慰蠀 蟿慰 位伪位蠋 蟽蠀谓苇蠂蔚喂伪
4	蟽慰蠀	PRON	VERB	谓伪	蟿慰	蟽蟿伪渭维蟿伪 谓伪 未喂维蟼 蟿慰 蟿畏位苇蠁蠅谓慰 蟽慰蠀 蟿畏蟼 魏维胃蔚渭喂伪蟼 蟿味虇伪喂 蔚尾伪蟻苇胃畏魏伪 谓伪 蟽慰蠀 蟿慰 位伪位蠋 蟽蠀谓苇蠂蔚喂伪
4	位伪位蠋	VERB	NOUN	蟿慰	蟽蠀谓苇蠂蔚喂伪	蟽蟿伪渭维蟿伪 谓伪 未喂维蟼 蟿慰 蟿畏位苇蠁蠅谓慰 蟽慰蠀 蟿畏蟼 魏维胃蔚渭喂伪蟼 蟿味虇伪喂 蔚尾伪蟻苇胃畏魏伪 谓伪 蟽慰蠀 蟿慰 位伪位蠋 蟽蠀谓苇蠂蔚喂伪
4	蟽蠀谓苇蠂蔚喂伪	ADV	PRON	位伪位蠋	<EOS>	蟽蟿伪渭维蟿伪 谓伪 未喂维蟼 蟿慰 蟿畏位苇蠁蠅谓慰 蟽慰蠀 蟿畏蟼 魏维胃蔚渭喂伪蟼 蟿味虇伪喂 蔚尾伪蟻苇胃畏魏伪 谓伪 蟽慰蠀 蟿慰 位伪位蠋 蟽蠀谓苇蠂蔚喂伪
5	蟿蠈蟽伪	ADV	VERB	<BOS>	蠁慰喂谓委蟿味虇喂伪	蟿蠈蟽伪 蠁慰喂谓委蟿味虇喂伪 蔚谓  蔚委未伪 尉伪谓维 蟺慰蟿蟿苇 渭慰蠀
5	蠁慰喂谓委蟿味虇喂伪	NOUN	SCONJ	蟿蠈蟽伪	蔚谓 	蟿蠈蟽伪 蠁慰喂谓委蟿味虇喂伪 蔚谓  蔚委未伪 尉伪谓维 蟺慰蟿蟿苇 渭慰蠀
5	尉伪谓维	ADV	DET	蔚委未伪	蟺慰蟿蟿苇	蟿蠈蟽伪 蠁慰喂谓委蟿味虇喂伪 蔚谓  蔚委未伪 尉伪谓维 蟺慰蟿蟿苇 渭慰蠀
5	蟺慰蟿蟿苇	ADV	NOUN	尉伪谓维	渭慰蠀	蟿蠈蟽伪 蠁慰喂谓委蟿味虇喂伪 蔚谓  蔚委未伪 尉伪谓维 蟺慰蟿蟿苇 渭慰蠀
5	蟿畏谓	PRON	DET	蟺慰蠀	螞蔚蠀魏蠅蟽委伪	蔚委渭伪喂 蟺慰蠀 蟿畏谓 螞蔚蠀魏蠅蟽委伪
5	蟿慰	PRON	DET	<BOS>	谓蔚蟻蠈谓	蟿慰 谓蔚蟻蠈谓 蔚委谓伪喂  伪纬喂伪蟽渭苇谓慰谓
5	伪纬喂伪蟽渭苇谓慰谓	ADJ	ADV	蔚委谓伪喂 	<EOS>	蟿慰 谓蔚蟻蠈谓 蔚委谓伪喂  伪纬喂伪蟽渭苇谓慰谓
5	尾慰蠀蟻维	VERB	PRON	纬苇蟻慰蟼	苇尉蠅	慰 纬苇蟻慰蟼 尾慰蠀蟻维 苇尉蠅 蟺慰蠀 蟿慰 蟽蟺委蟿喂谓 蟿慰蠀 蟿味虇伪喂 蟽蠀谓维蔚喂 渭伪谓喂蟿维蟻魏伪 纬喂伪 蟿畏谓 魏蟻畏蟿喂魏萎谓 蟽慰蠉蟺蟺伪
5	苇尉蠅	ADV	NOUN	尾慰蠀蟻维	蟺慰蠀	慰 纬苇蟻慰蟼 尾慰蠀蟻维 苇尉蠅 蟺慰蠀 蟿慰 蟽蟺委蟿喂谓 蟿慰蠀 蟿味虇伪喂 蟽蠀谓维蔚喂 渭伪谓喂蟿维蟻魏伪 纬喂伪 蟿畏谓 魏蟻畏蟿喂魏萎谓 蟽慰蠉蟺蟺伪
5	蟿慰	PRON	DET	蟺慰蠀	蟽蟺委蟿喂谓	慰 纬苇蟻慰蟼 尾慰蠀蟻维 苇尉蠅 蟺慰蠀 蟿慰 蟽蟺委蟿喂谓 蟿慰蠀 蟿味虇伪喂 蟽蠀谓维蔚喂 渭伪谓喂蟿维蟻魏伪 纬喂伪 蟿畏谓 魏蟻畏蟿喂魏萎谓 蟽慰蠉蟺蟺伪
5	渭伪谓喂蟿维蟻魏伪	NOUN	ADV	蟽蠀谓维蔚喂	纬喂伪	慰 纬苇蟻慰蟼 尾慰蠀蟻维 苇尉蠅 蟺慰蠀 蟿慰 蟽蟺委蟿喂谓 蟿慰蠀 蟿味虇伪喂 蟽蠀谓维蔚喂 渭伪谓喂蟿维蟻魏伪 纬喂伪 蟿畏谓 魏蟻畏蟿喂魏萎谓 蟽慰蠉蟺蟺伪
5	蟿畏谓	PRON	DET	纬喂伪	魏蟻畏蟿喂魏萎谓	慰 纬苇蟻慰蟼 尾慰蠀蟻维 苇尉蠅 蟺慰蠀 蟿慰 蟽蟺委蟿喂谓 蟿慰蠀 蟿味虇伪喂 蟽蠀谓维蔚喂 渭伪谓喂蟿维蟻魏伪 纬喂伪 蟿畏谓 魏蟻畏蟿喂魏萎谓 蟽慰蠉蟺蟺伪
5	魏蟻畏蟿喂魏萎谓	ADJ	NOUN	蟿畏谓	蟽慰蠉蟺蟺伪	慰 纬苇蟻慰蟼 尾慰蠀蟻维 苇尉蠅 蟺慰蠀 蟿慰 蟽蟺委蟿喂谓 蟿慰蠀 蟿味虇伪喂 蟽蠀谓维蔚喂 渭伪谓喂蟿维蟻魏伪 纬喂伪 蟿畏谓 魏蟻畏蟿喂魏萎谓 蟽慰蠉蟺蟺伪
5	蟽慰蠉蟺蟺伪	NOUN	PRON	魏蟻畏蟿喂魏萎谓	<EOS>	慰 纬苇蟻慰蟼 尾慰蠀蟻维 苇尉蠅 蟺慰蠀 蟿慰 蟽蟺委蟿喂谓 蟿慰蠀 蟿味虇伪喂 蟽蠀谓维蔚喂 渭伪谓喂蟿维蟻魏伪 纬喂伪 蟿畏谓 魏蟻畏蟿喂魏萎谓 蟽慰蠉蟺蟺伪
5	魏维胃蔚	DET	PRON	尾蟻苇蟽虇蔚喂	渭苇蟻伪	尾蟻苇蟽虇蔚喂 魏维胃蔚 渭苇蟻伪 蟽蟿畏谓 螝蠉蟺蟻慰谓 蟿慰蠉蟿慰谓 蟿慰谓 渭萎谓伪谓
5	蟿慰蠉蟿慰谓	PRON	CONJ	螝蠉蟺蟻慰谓	蟿慰谓	尾蟻苇蟽虇蔚喂 魏维胃蔚 渭苇蟻伪 蟽蟿畏谓 螝蠉蟺蟻慰谓 蟿慰蠉蟿慰谓 蟿慰谓 渭萎谓伪谓
5	蟿慰谓	PRON	DET	蟿慰蠉蟿慰谓	渭萎谓伪谓	尾蟻苇蟽虇蔚喂 魏维胃蔚 渭苇蟻伪 蟽蟿畏谓 螝蠉蟺蟻慰谓 蟿慰蠉蟿慰谓 蟿慰谓 渭萎谓伪谓
5	胃苇位蔚喂蟼	VERB	NOUN	维位位畏	<EOS>	蔚谓谓维 蠁蟿喂维尉蠅 维位位畏 胃苇位蔚喂蟼
5	魏慰蟿蠈蟺慰蠀位位慰谓	NOUN	DET	尾维位蠅	蔚魏蔚委谓伪	蔚谓谓维 尾维位蠅 魏慰蟿蠈蟺慰蠀位位慰谓 蔚魏蔚委谓伪 蟺慰蠀 蟽慰蠀 蔚委蟺伪 蠈喂 维位位伪 蠀位喂魏维
5	蔚魏蔚委谓伪	PRON	NOUN	魏慰蟿蠈蟺慰蠀位位慰谓	蟺慰蠀	蔚谓谓维 尾维位蠅 魏慰蟿蠈蟺慰蠀位位慰谓 蔚魏蔚委谓伪 蟺慰蠀 蟽慰蠀 蔚委蟺伪 蠈喂 维位位伪 蠀位喂魏维
5	蔚委蟺伪	VERB	ADJ	蟽慰蠀	蠈喂	蔚谓谓维 尾维位蠅 魏慰蟿蠈蟺慰蠀位位慰谓 蔚魏蔚委谓伪 蟺慰蠀 蟽慰蠀 蔚委蟺伪 蠈喂 维位位伪 蠀位喂魏维
5	蠈喂	PART	NOUN	蔚委蟺伪	维位位伪	蔚谓谓维 尾维位蠅 魏慰蟿蠈蟺慰蠀位位慰谓 蔚魏蔚委谓伪 蟺慰蠀 蟽慰蠀 蔚委蟺伪 蠈喂 维位位伪 蠀位喂魏维
5	苇蟽虇蔚喂	VERB	CONJ	魏慰蠉魏位伪	纬维谓蟿喂	畏 魏慰蠉魏位伪 苇蟽虇蔚喂 纬维谓蟿喂 蠁蠈蟻蔚渭伪谓 渭蟺蠈蟿蔚蟼 蟿味虇伪喂 魏伪蟺蟺苇位位慰谓
5	纬维谓蟿喂	NOUN	DET	苇蟽虇蔚喂	蠁蠈蟻蔚渭伪谓	畏 魏慰蠉魏位伪 苇蟽虇蔚喂 纬维谓蟿喂 蠁蠈蟻蔚渭伪谓 渭蟺蠈蟿蔚蟼 蟿味虇伪喂 魏伪蟺蟺苇位位慰谓
5	渭蟺蠈蟿蔚蟼	NOUN	VERB	蠁蠈蟻蔚渭伪谓	蟿味虇伪喂	畏 魏慰蠉魏位伪 苇蟽虇蔚喂 纬维谓蟿喂 蠁蠈蟻蔚渭伪谓 渭蟺蠈蟿蔚蟼 蟿味虇伪喂 魏伪蟺蟺苇位位慰谓
5	魏伪蟺蟺苇位位慰谓	NOUN	VERB	蟿味虇伪喂	<EOS>	畏 魏慰蠉魏位伪 苇蟽虇蔚喂 纬维谓蟿喂 蠁蠈蟻蔚渭伪谓 渭蟺蠈蟿蔚蟼 蟿味虇伪喂 魏伪蟺蟺苇位位慰谓
5	苇谓伪	ADJ	DET	<BOS>	蟺伪蟺委	苇谓伪 蟺伪蟺委 蟺慰蠀 蠂慰蟻慰蟺蟺畏未维 蟺维谓蠅 魏维蟿蠅
5	蟺慰蠀	ADP	PRON	蟺伪蟺委	蠂慰蟻慰蟺蟺畏未维	苇谓伪 蟺伪蟺委 蟺慰蠀 蠂慰蟻慰蟺蟺畏未维 蟺维谓蠅 魏维蟿蠅
5	蔚谓	PART	VERB	<BOS>	渭慰蠀	蔚谓 渭慰蠀 伪蟻苇蟽魏蔚喂 慰 渭喂魏喂渭维慰蠀蟼
5	苇魏伪渭蔚谓	VERB	PRON	螝慰蠉位位伪	伪蟻喂蟽蟿慰蠉蟻纬畏渭伪	畏 螝慰蠉位位伪 苇魏伪渭蔚谓 伪蟻喂蟽蟿慰蠉蟻纬畏渭伪
5	蔚蟺苇位位伪谓蔚谓	VERB	CONJ	未维蟽魏伪位慰蟼	渭伪蟼	慰 未维蟽魏伪位慰蟼 蔚蟺苇位位伪谓蔚谓 渭伪蟼 蟺慰蠀 蟿蔚蟼 蔚蟻纬伪蟽委蔚蟼 伪位位维 蔚谓 魏伪位蠈蟼
5	蟿蔚蟼	PRON	DET	蟺慰蠀	蔚蟻纬伪蟽委蔚蟼	慰 未维蟽魏伪位慰蟼 蔚蟺苇位位伪谓蔚谓 渭伪蟼 蟺慰蠀 蟿蔚蟼 蔚蟻纬伪蟽委蔚蟼 伪位位维 蔚谓 魏伪位蠈蟼
5	蔚谓	VERB	PART	伪位位维	魏伪位蠈蟼	慰 未维蟽魏伪位慰蟼 蔚蟺苇位位伪谓蔚谓 渭伪蟼 蟺慰蠀 蟿蔚蟼 蔚蟻纬伪蟽委蔚蟼 伪位位维 蔚谓 魏伪位蠈蟼
5	魏伪位蠈蟼	ADJ	VERB	蔚谓	<EOS>	慰 未维蟽魏伪位慰蟼 蔚蟺苇位位伪谓蔚谓 渭伪蟼 蟺慰蠀 蟿蔚蟼 蔚蟻纬伪蟽委蔚蟼 伪位位维 蔚谓 魏伪位蠈蟼
5	魏伪喂	CONJ	NOUN	渭伪蟼	蟿蟻蠋渭蔚	蟺委谓慰蠀渭蔚 蟿慰 纬维位伪 渭伪蟼 魏伪喂 蟿蟻蠋渭蔚 蟿伪 魏慰谓蠁位苇喂魏蟼 渭伪蟼 魏维胃蔚 蟺蟻蠅委
5	蟿蟻蠋渭蔚	VERB	CONJ	魏伪喂	蟿伪	蟺委谓慰蠀渭蔚 蟿慰 纬维位伪 渭伪蟼 魏伪喂 蟿蟻蠋渭蔚 蟿伪 魏慰谓蠁位苇喂魏蟼 渭伪蟼 魏维胃蔚 蟺蟻蠅委
